,area_title,fips_county,qualifying_area,criteria
0,"Grayson County, Kentucky",21085,msa_or_county,fossil_employment
1,"Grand Traverse County, Michigan",26055,msa_or_county,fossil_employment
2,"Macon, GA MSA",13021,msa_or_county,fossil_employment
3,"Macon, GA MSA",13079,msa_or_county,fossil_employment
4,"Macon, GA MSA",13169,msa_or_county,fossil_employment
5,"Macon, GA MSA",13207,msa_or_county,fossil_employment
6,"Macon, GA MSA",13289,msa_or_county,fossil_employment
7,"Fairbanks, AK MSA",02090,msa_or_county,fossil_employment
8,"Toole County, Montana",30101,msa_or_county,fossil_employment
9,"Webster County, Kentucky",21233,msa_or_county,fossil_employment
10,"Venango County, Pennsylvania",42121,msa_or_county,fossil_employment
11,"Shackelford County, Texas",48417,msa_or_county,fossil_employment
12,"Powell County, Kentucky",21197,msa_or_county,fossil_employment
13,"Elmira, NY MSA",36015,msa_or_county,fossil_employment
14,"Braxton County, West Virginia",54007,msa_or_county,fossil_employment
15,"Wheeler County, Texas",48483,msa_or_county,fossil_employment
16,"Terry County, Texas",48445,msa_or_county,fossil_employment
17,"Frio County, Texas",48163,msa_or_county,fossil_employment
18,"Baton Rouge, LA MSA",22005,msa_or_county,fossil_employment
19,"Baton Rouge, LA MSA",22033,msa_or_county,fossil_employment
20,"Baton Rouge, LA MSA",22037,msa_or_county,fossil_employment
21,"Baton Rouge, LA MSA",22047,msa_or_county,fossil_employment
22,"Baton Rouge, LA MSA",22063,msa_or_county,fossil_employment
23,"Baton Rouge, LA MSA",22077,msa_or_county,fossil_employment
24,"Baton Rouge, LA MSA",22091,msa_or_county,fossil_employment
25,"Baton Rouge, LA MSA",22121,msa_or_county,fossil_employment
26,"Baton Rouge, LA MSA",22125,msa_or_county,fossil_employment
27,"Covington County, Alabama",1039,msa_or_county,fossil_employment
28,"Crockett County, Texas",48105,msa_or_county,fossil_employment
29,"Anderson County, Texas",48001,msa_or_county,fossil_employment
30,"Penobscot County, Maine",23019,msa_or_county,fossil_employment
31,"Lincoln County, Mississippi",28085,msa_or_county,fossil_employment
32,"Duchesne County, Utah",49013,msa_or_county,fossil_employment
33,"Marion County, Illinois",17121,msa_or_county,fossil_employment
34,"White County, Illinois",17193,msa_or_county,fossil_employment
35,"New Madrid County, Missouri",29143,msa_or_county,fossil_employment
36,"Grimes County, Texas",48185,msa_or_county,fossil_employment
37,"Throckmorton County, Texas",48447,msa_or_county,fossil_employment
38,"Eastland County, Texas",48133,msa_or_county,fossil_employment
39,"Holmes County, Ohio",39075,msa_or_county,fossil_employment
40,"Pleasants County, West Virginia",54073,msa_or_county,fossil_employment
41,"Milam County, Texas",48331,msa_or_county,fossil_employment
42,"Muhlenberg County, Kentucky",21177,msa_or_county,fossil_employment
43,"Appling County, Georgia",13001,msa_or_county,fossil_employment
44,"Louisville-Jefferson County, KY-IN MSA",18019,msa_or_county,fossil_employment
45,"Louisville-Jefferson County, KY-IN MSA",18043,msa_or_county,fossil_employment
46,"Louisville-Jefferson County, KY-IN MSA",18061,msa_or_county,fossil_employment
47,"Louisville-Jefferson County, KY-IN MSA",18143,msa_or_county,fossil_employment
48,"Louisville-Jefferson County, KY-IN MSA",18175,msa_or_county,fossil_employment
49,"Louisville-Jefferson County, KY-IN MSA",21029,msa_or_county,fossil_employment
50,"Louisville-Jefferson County, KY-IN MSA",21103,msa_or_county,fossil_employment
51,"Louisville-Jefferson County, KY-IN MSA",21111,msa_or_county,fossil_employment
52,"Louisville-Jefferson County, KY-IN MSA",21185,msa_or_county,fossil_employment
53,"Louisville-Jefferson County, KY-IN MSA",21211,msa_or_county,fossil_employment
54,"Louisville-Jefferson County, KY-IN MSA",21215,msa_or_county,fossil_employment
55,"Louisville-Jefferson County, KY-IN MSA",21223,msa_or_county,fossil_employment
56,"Asheville, NC MSA",37021,msa_or_county,fossil_employment
57,"Asheville, NC MSA",37087,msa_or_county,fossil_employment
58,"Asheville, NC MSA",37089,msa_or_county,fossil_employment
59,"Asheville, NC MSA",37115,msa_or_county,fossil_employment
60,"Chesterfield County, South Carolina",45025,msa_or_county,fossil_employment
61,"Cattaraugus County, New York",36009,msa_or_county,fossil_employment
62,"Washington County, Oklahoma",40147,msa_or_county,fossil_employment
63,"Jasper County, Illinois",17079,msa_or_county,fossil_employment
64,"Carson City, NV MSA",32510,msa_or_county,fossil_employment
65,"Anchorage, AK MSA",02020,msa_or_county,fossil_employment
66,"Anchorage, AK MSA",02170,msa_or_county,fossil_employment
67,"Crane County, Texas",48103,msa_or_county,fossil_employment
68,"Montrose County, Colorado",8085,msa_or_county,fossil_employment
69,"Cass County, Texas",48067,msa_or_county,fossil_employment
70,"Coshocton County, Ohio",39031,msa_or_county,fossil_employment
71,"Montezuma County, Colorado",8083,msa_or_county,fossil_employment
72,"Owensboro, KY MSA",21059,msa_or_county,fossil_employment
73,"Owensboro, KY MSA",21091,msa_or_county,fossil_employment
74,"Owensboro, KY MSA",21149,msa_or_county,fossil_employment
75,"Klickitat County, Washington",53039,msa_or_county,fossil_employment
76,"Hendry County, Florida",12051,msa_or_county,fossil_employment
77,"Beckham County, Oklahoma",40009,msa_or_county,fossil_employment
78,"Clinton County, Pennsylvania",42035,msa_or_county,fossil_employment
79,"Ocala, FL MSA",12083,msa_or_county,fossil_employment
80,"Blaine County, Oklahoma",40011,msa_or_county,fossil_employment
81,"Park County, Wyoming",56029,msa_or_county,fossil_employment
82,"Mercer County, North Dakota",38057,msa_or_county,fossil_employment
83,"Hawaii County, Hawaii",15001,msa_or_county,fossil_employment
84,"Jim Hogg County, Texas",48247,msa_or_county,fossil_employment
85,"Tulsa, OK MSA",40037,msa_or_county,fossil_employment
86,"Tulsa, OK MSA",40111,msa_or_county,fossil_employment
87,"Tulsa, OK MSA",40113,msa_or_county,fossil_employment
88,"Tulsa, OK MSA",40117,msa_or_county,fossil_employment
89,"Tulsa, OK MSA",40131,msa_or_county,fossil_employment
90,"Tulsa, OK MSA",40143,msa_or_county,fossil_employment
91,"Tulsa, OK MSA",40145,msa_or_county,fossil_employment
92,"Colusa County, California",6011,msa_or_county,fossil_employment
93,"Cheyenne, WY MSA",56021,msa_or_county,fossil_employment
94,"Johnson County, Kentucky",21115,msa_or_county,fossil_employment
95,"Mendocino County, California",6045,msa_or_county,fossil_employment
96,"Midland, TX MSA",48317,msa_or_county,fossil_employment
97,"Midland, TX MSA",48329,msa_or_county,fossil_employment
98,"Lawrence County, Mississippi",28077,msa_or_county,fossil_employment
99,"Marlboro County, South Carolina",45069,msa_or_county,fossil_employment
100,"Stanly County, North Carolina",37167,msa_or_county,fossil_employment
101,"Concordia Parish, Louisiana",22029,msa_or_county,fossil_employment
102,"Lee County, Iowa",19111,msa_or_county,fossil_employment
103,"Platte County, Wyoming",56031,msa_or_county,fossil_employment
104,"Burke County, North Dakota",38013,msa_or_county,fossil_employment
105,"Refugio County, Texas",48391,msa_or_county,fossil_employment
106,"Talladega County, Alabama",1121,msa_or_county,fossil_employment
107,"Gonzales County, Texas",48177,msa_or_county,fossil_employment
108,"Cowley County, Kansas",20035,msa_or_county,fossil_employment
109,"Nicholas County, West Virginia",54067,msa_or_county,fossil_employment
110,"Wayne County, Illinois",17191,msa_or_county,fossil_employment
111,"Rio Blanco County, Colorado",8103,msa_or_county,fossil_employment
112,"Crook County, Oregon",41013,msa_or_county,fossil_employment
113,"Tazewell County, Virginia",51185,msa_or_county,fossil_employment
114,"Warren County, Mississippi",28149,msa_or_county,fossil_employment
115,"Montmorency County, Michigan",26119,msa_or_county,fossil_employment
116,"Avoyelles Parish, Louisiana",22009,msa_or_county,fossil_employment
117,"Lynchburg, VA MSA",51009,msa_or_county,fossil_employment
118,"Lynchburg, VA MSA",51011,msa_or_county,fossil_employment
119,"Lynchburg, VA MSA",51019,msa_or_county,fossil_employment
120,"Lynchburg, VA MSA",51031,msa_or_county,fossil_employment
121,"Lynchburg, VA MSA",51515,msa_or_county,fossil_employment
122,"Lynchburg, VA MSA",51680,msa_or_county,fossil_employment
123,"Mifflin County, Pennsylvania",42087,msa_or_county,fossil_employment
124,"Rolette County, North Dakota",38079,msa_or_county,fossil_employment
125,"Wheeling, WV-OH MSA",39013,msa_or_county,fossil_employment
126,"Wheeling, WV-OH MSA",54051,msa_or_county,fossil_employment
127,"Wheeling, WV-OH MSA",54069,msa_or_county,fossil_employment
128,"Jackson, TN MSA",47023,msa_or_county,fossil_employment
129,"Jackson, TN MSA",47033,msa_or_county,fossil_employment
130,"Jackson, TN MSA",47113,msa_or_county,fossil_employment
131,"Musselshell County, Montana",30065,msa_or_county,fossil_employment
132,"Apache County, Arizona",4001,msa_or_county,fossil_employment
133,"Lincoln Parish, Louisiana",22061,msa_or_county,fossil_employment
134,"Greene County, Indiana",18055,msa_or_county,fossil_employment
135,"Nowata County, Oklahoma",40105,msa_or_county,fossil_employment
136,"Otero County, Colorado",8089,msa_or_county,fossil_employment
137,"Stone County, Missouri",29209,msa_or_county,fossil_employment
138,"Montague County, Texas",48337,msa_or_county,fossil_employment
139,"Seneca County, Ohio",39147,msa_or_county,fossil_employment
140,"Richmond, VA MSA",51007,msa_or_county,fossil_employment
141,"Richmond, VA MSA",51033,msa_or_county,fossil_employment
142,"Richmond, VA MSA",51036,msa_or_county,fossil_employment
143,"Richmond, VA MSA",51041,msa_or_county,fossil_employment
144,"Richmond, VA MSA",51053,msa_or_county,fossil_employment
145,"Richmond, VA MSA",51075,msa_or_county,fossil_employment
146,"Richmond, VA MSA",51085,msa_or_county,fossil_employment
147,"Richmond, VA MSA",51087,msa_or_county,fossil_employment
148,"Richmond, VA MSA",51101,msa_or_county,fossil_employment
149,"Richmond, VA MSA",51127,msa_or_county,fossil_employment
150,"Richmond, VA MSA",51145,msa_or_county,fossil_employment
151,"Richmond, VA MSA",51149,msa_or_county,fossil_employment
152,"Richmond, VA MSA",51183,msa_or_county,fossil_employment
153,"Richmond, VA MSA",51570,msa_or_county,fossil_employment
154,"Richmond, VA MSA",51670,msa_or_county,fossil_employment
155,"Richmond, VA MSA",51730,msa_or_county,fossil_employment
156,"Richmond, VA MSA",51760,msa_or_county,fossil_employment
157,"Jasper County, Texas",48241,msa_or_county,fossil_employment
158,"Victoria, TX MSA",48175,msa_or_county,fossil_employment
159,"Victoria, TX MSA",48469,msa_or_county,fossil_employment
160,"Denver-Aurora-Lakewood, CO MSA",08001,msa_or_county,fossil_employment
161,"Denver-Aurora-Lakewood, CO MSA",08005,msa_or_county,fossil_employment
162,"Denver-Aurora-Lakewood, CO MSA",08014,msa_or_county,fossil_employment
163,"Denver-Aurora-Lakewood, CO MSA",08019,msa_or_county,fossil_employment
164,"Denver-Aurora-Lakewood, CO MSA",08031,msa_or_county,fossil_employment
165,"Denver-Aurora-Lakewood, CO MSA",08035,msa_or_county,fossil_employment
166,"Denver-Aurora-Lakewood, CO MSA",08039,msa_or_county,fossil_employment
167,"Denver-Aurora-Lakewood, CO MSA",08047,msa_or_county,fossil_employment
168,"Denver-Aurora-Lakewood, CO MSA",08059,msa_or_county,fossil_employment
169,"Denver-Aurora-Lakewood, CO MSA",08093,msa_or_county,fossil_employment
170,"Coal County, Oklahoma",40029,msa_or_county,fossil_employment
171,"Decatur County, Georgia",13087,msa_or_county,fossil_employment
172,"Portage County, Wisconsin",55097,msa_or_county,fossil_employment
173,"Adair County, Kentucky",21001,msa_or_county,fossil_employment
174,"Lawrence County, Pennsylvania",42073,msa_or_county,fossil_employment
175,"Crawford County, Pennsylvania",42039,msa_or_county,fossil_employment
176,"Woodward County, Oklahoma",40153,msa_or_county,fossil_employment
177,"Garrett County, Maryland",24023,msa_or_county,fossil_employment
178,"Okeechobee County, Florida",12093,msa_or_county,fossil_employment
179,"Mecklenburg County, Virginia",51117,msa_or_county,fossil_employment
180,"Jackson, MS MSA",28029,msa_or_county,fossil_employment
181,"Jackson, MS MSA",28049,msa_or_county,fossil_employment
182,"Jackson, MS MSA",28089,msa_or_county,fossil_employment
183,"Jackson, MS MSA",28121,msa_or_county,fossil_employment
184,"Jackson, MS MSA",28127,msa_or_county,fossil_employment
185,"Jackson, MS MSA",28163,msa_or_county,fossil_employment
186,"Rooks County, Kansas",20163,msa_or_county,fossil_employment
187,"Cleburne County, Arkansas",5023,msa_or_county,fossil_employment
188,"Caldwell Parish, Louisiana",22021,msa_or_county,fossil_employment
189,"Putnam County, Florida",12107,msa_or_county,fossil_employment
190,"Payne County, Oklahoma",40119,msa_or_county,fossil_employment
191,"Lincoln County, Oregon",41041,msa_or_county,fossil_employment
192,"Yuma, AZ MSA",04027,msa_or_county,fossil_employment
193,"Idaho County, Idaho",16049,msa_or_county,fossil_employment
194,"Ward County, North Dakota",38101,msa_or_county,fossil_employment
195,"Claiborne Parish, Louisiana",22027,msa_or_county,fossil_employment
196,"Assumption Parish, Louisiana",22007,msa_or_county,fossil_employment
197,"Atlanta-Sandy Springs-Roswell, GA MSA",13013,msa_or_county,fossil_employment
198,"Atlanta-Sandy Springs-Roswell, GA MSA",13015,msa_or_county,fossil_employment
199,"Atlanta-Sandy Springs-Roswell, GA MSA",13035,msa_or_county,fossil_employment
200,"Atlanta-Sandy Springs-Roswell, GA MSA",13045,msa_or_county,fossil_employment
201,"Atlanta-Sandy Springs-Roswell, GA MSA",13057,msa_or_county,fossil_employment
202,"Atlanta-Sandy Springs-Roswell, GA MSA",13063,msa_or_county,fossil_employment
203,"Atlanta-Sandy Springs-Roswell, GA MSA",13067,msa_or_county,fossil_employment
204,"Atlanta-Sandy Springs-Roswell, GA MSA",13077,msa_or_county,fossil_employment
205,"Atlanta-Sandy Springs-Roswell, GA MSA",13085,msa_or_county,fossil_employment
206,"Atlanta-Sandy Springs-Roswell, GA MSA",13089,msa_or_county,fossil_employment
207,"Atlanta-Sandy Springs-Roswell, GA MSA",13097,msa_or_county,fossil_employment
208,"Atlanta-Sandy Springs-Roswell, GA MSA",13113,msa_or_county,fossil_employment
209,"Atlanta-Sandy Springs-Roswell, GA MSA",13117,msa_or_county,fossil_employment
210,"Atlanta-Sandy Springs-Roswell, GA MSA",13121,msa_or_county,fossil_employment
211,"Atlanta-Sandy Springs-Roswell, GA MSA",13135,msa_or_county,fossil_employment
212,"Atlanta-Sandy Springs-Roswell, GA MSA",13143,msa_or_county,fossil_employment
213,"Atlanta-Sandy Springs-Roswell, GA MSA",13149,msa_or_county,fossil_employment
214,"Atlanta-Sandy Springs-Roswell, GA MSA",13151,msa_or_county,fossil_employment
215,"Atlanta-Sandy Springs-Roswell, GA MSA",13159,msa_or_county,fossil_employment
216,"Atlanta-Sandy Springs-Roswell, GA MSA",13171,msa_or_county,fossil_employment
217,"Atlanta-Sandy Springs-Roswell, GA MSA",13199,msa_or_county,fossil_employment
218,"Atlanta-Sandy Springs-Roswell, GA MSA",13211,msa_or_county,fossil_employment
219,"Atlanta-Sandy Springs-Roswell, GA MSA",13217,msa_or_county,fossil_employment
220,"Atlanta-Sandy Springs-Roswell, GA MSA",13223,msa_or_county,fossil_employment
221,"Atlanta-Sandy Springs-Roswell, GA MSA",13227,msa_or_county,fossil_employment
222,"Atlanta-Sandy Springs-Roswell, GA MSA",13231,msa_or_county,fossil_employment
223,"Atlanta-Sandy Springs-Roswell, GA MSA",13247,msa_or_county,fossil_employment
224,"Atlanta-Sandy Springs-Roswell, GA MSA",13255,msa_or_county,fossil_employment
225,"Atlanta-Sandy Springs-Roswell, GA MSA",13297,msa_or_county,fossil_employment
226,"Mckinley County, New Mexico",35031,msa_or_county,fossil_employment
227,"Lee County, Texas",48287,msa_or_county,fossil_employment
228,"Franklin County, Kansas",20059,msa_or_county,fossil_employment
229,"San Luis Obispo-Paso Robles-Arroyo Grande, CA MSA",06079,msa_or_county,fossil_employment
230,"Tuscaloosa, AL MSA",01065,msa_or_county,fossil_employment
231,"Tuscaloosa, AL MSA",01107,msa_or_county,fossil_employment
232,"Tuscaloosa, AL MSA",01125,msa_or_county,fossil_employment
233,"Somerset County, Pennsylvania",42111,msa_or_county,fossil_employment
234,"Chautauqua County, Kansas",20019,msa_or_county,fossil_employment
235,"Duval County, Texas",48131,msa_or_county,fossil_employment
236,"Graves County, Kentucky",21083,msa_or_county,fossil_employment
237,"Box Butte County, Nebraska",31013,msa_or_county,fossil_employment
238,"Okfuskee County, Oklahoma",40107,msa_or_county,fossil_employment
239,"Pike County, Mississippi",28113,msa_or_county,fossil_employment
240,"Neosho County, Kansas",20133,msa_or_county,fossil_employment
241,"Minidoka County, Idaho",16067,msa_or_county,fossil_employment
242,"Escambia County, Alabama",1053,msa_or_county,fossil_employment
243,"Carter County, Oklahoma",40019,msa_or_county,fossil_employment
244,"Bonner County, Idaho",16017,msa_or_county,fossil_employment
245,"Palo Pinto County, Texas",48363,msa_or_county,fossil_employment
246,"Uinta County, Wyoming",56041,msa_or_county,fossil_employment
247,"Johnstown, PA MSA",42021,msa_or_county,fossil_employment
248,"Morrison County, Minnesota",27097,msa_or_county,fossil_employment
249,"Winkler County, Texas",48495,msa_or_county,fossil_employment
250,"Nolan County, Texas",48353,msa_or_county,fossil_employment
251,"Hopkins County, Kentucky",21107,msa_or_county,fossil_employment
252,"Roane County, West Virginia",54087,msa_or_county,fossil_employment
253,"Fallon County, Montana",30025,msa_or_county,fossil_employment
254,"Hale County, Texas",48189,msa_or_county,fossil_employment
255,"Hillsdale County, Michigan",26059,msa_or_county,fossil_employment
256,"Choctaw County, Alabama",1023,msa_or_county,fossil_employment
257,"Bureau County, Illinois",17011,msa_or_county,fossil_employment
258,"Clarion County, Pennsylvania",42031,msa_or_county,fossil_employment
259,"Emery County, Utah",49015,msa_or_county,fossil_employment
260,"Allen County, Kansas",20001,msa_or_county,fossil_employment
261,"Farmington, NM MSA",35045,msa_or_county,fossil_employment
262,"Orleans County, Vermont",50019,msa_or_county,fossil_employment
263,"Bienville Parish, Louisiana",22013,msa_or_county,fossil_employment
264,"Zapata County, Texas",48505,msa_or_county,fossil_employment
265,"Franklin County, Illinois",17055,msa_or_county,fossil_employment
266,"Lea County, New Mexico",35025,msa_or_county,fossil_employment
267,"Upton County, Texas",48461,msa_or_county,fossil_employment
268,"Langlade County, Wisconsin",55067,msa_or_county,fossil_employment
269,"Jackson County, Texas",48239,msa_or_county,fossil_employment
270,"Muskingum County, Ohio",39119,msa_or_county,fossil_employment
271,"Putnam County, Tennessee",47141,msa_or_county,fossil_employment
272,"Bakersfield, CA MSA",06029,msa_or_county,fossil_employment
273,"Lebanon, PA MSA",42075,msa_or_county,fossil_employment
274,"Calhoun County, West Virginia",54013,msa_or_county,fossil_employment
275,"Columbus, GA-AL MSA",01113,msa_or_county,fossil_employment
276,"Columbus, GA-AL MSA",13053,msa_or_county,fossil_employment
277,"Columbus, GA-AL MSA",13145,msa_or_county,fossil_employment
278,"Columbus, GA-AL MSA",13197,msa_or_county,fossil_employment
279,"Columbus, GA-AL MSA",13215,msa_or_county,fossil_employment
280,"McHenry County, North Dakota",38049,msa_or_county,fossil_employment
281,"Colorado County, Texas",48089,msa_or_county,fossil_employment
282,"Kankakee, IL MSA",17091,msa_or_county,fossil_employment
283,"Gulfport-Biloxi-Pascagoula, MS MSA",28045,msa_or_county,fossil_employment
284,"Gulfport-Biloxi-Pascagoula, MS MSA",28047,msa_or_county,fossil_employment
285,"Gulfport-Biloxi-Pascagoula, MS MSA",28059,msa_or_county,fossil_employment
286,"Laredo, TX MSA",48479,msa_or_county,fossil_employment
287,"St. Landry Parish, Louisiana",22097,msa_or_county,fossil_employment
288,"Lee County, South Carolina",45061,msa_or_county,fossil_employment
289,"Lake Charles, LA MSA",22019,msa_or_county,fossil_employment
290,"Lake Charles, LA MSA",22023,msa_or_county,fossil_employment
291,"Richland Parish, Louisiana",22083,msa_or_county,fossil_employment
292,"Wharton County, Texas",48481,msa_or_county,fossil_employment
293,"Chicago-Naperville-Elgin, IL-IN-WI MSA",17031,msa_or_county,fossil_employment
294,"Chicago-Naperville-Elgin, IL-IN-WI MSA",17037,msa_or_county,fossil_employment
295,"Chicago-Naperville-Elgin, IL-IN-WI MSA",17043,msa_or_county,fossil_employment
296,"Chicago-Naperville-Elgin, IL-IN-WI MSA",17063,msa_or_county,fossil_employment
297,"Chicago-Naperville-Elgin, IL-IN-WI MSA",17089,msa_or_county,fossil_employment
298,"Chicago-Naperville-Elgin, IL-IN-WI MSA",17093,msa_or_county,fossil_employment
299,"Chicago-Naperville-Elgin, IL-IN-WI MSA",17097,msa_or_county,fossil_employment
300,"Chicago-Naperville-Elgin, IL-IN-WI MSA",17111,msa_or_county,fossil_employment
301,"Chicago-Naperville-Elgin, IL-IN-WI MSA",17197,msa_or_county,fossil_employment
302,"Chicago-Naperville-Elgin, IL-IN-WI MSA",18073,msa_or_county,fossil_employment
303,"Chicago-Naperville-Elgin, IL-IN-WI MSA",18089,msa_or_county,fossil_employment
304,"Chicago-Naperville-Elgin, IL-IN-WI MSA",18111,msa_or_county,fossil_employment
305,"Chicago-Naperville-Elgin, IL-IN-WI MSA",18127,msa_or_county,fossil_employment
306,"Chicago-Naperville-Elgin, IL-IN-WI MSA",55059,msa_or_county,fossil_employment
307,"Leflore County, Mississippi",28083,msa_or_county,fossil_employment
308,"Jefferson County, Illinois",17081,msa_or_county,fossil_employment
309,"Latimer County, Oklahoma",40077,msa_or_county,fossil_employment
310,"Guernsey County, Ohio",39059,msa_or_county,fossil_employment
311,"Floyd County, Kentucky",21071,msa_or_county,fossil_employment
312,"Harlan County, Kentucky",21095,msa_or_county,fossil_employment
313,"Coeur d'Alene, ID MSA",16055,msa_or_county,fossil_employment
314,"Dawson County, Texas",48115,msa_or_county,fossil_employment
315,"Ponce, PR MSA",72055,msa_or_county,fossil_employment
316,"Ponce, PR MSA",72059,msa_or_county,fossil_employment
317,"Ponce, PR MSA",72075,msa_or_county,fossil_employment
318,"Ponce, PR MSA",72111,msa_or_county,fossil_employment
319,"Ponce, PR MSA",72113,msa_or_county,fossil_employment
320,"Ponce, PR MSA",72149,msa_or_county,fossil_employment
321,"Ponce, PR MSA",72153,msa_or_county,fossil_employment
322,"Coahoma County, Mississippi",28027,msa_or_county,fossil_employment
323,"Albany-Schenectady-Troy, NY MSA",36001,msa_or_county,fossil_employment
324,"Albany-Schenectady-Troy, NY MSA",36083,msa_or_county,fossil_employment
325,"Albany-Schenectady-Troy, NY MSA",36091,msa_or_county,fossil_employment
326,"Albany-Schenectady-Troy, NY MSA",36093,msa_or_county,fossil_employment
327,"Albany-Schenectady-Troy, NY MSA",36095,msa_or_county,fossil_employment
328,"Clallam County, Washington",53009,msa_or_county,fossil_employment
329,"Morristown, TN MSA",47063,msa_or_county,fossil_employment
330,"Morristown, TN MSA",47089,msa_or_county,fossil_employment
331,"Kingsport-Bristol-Bristol, TN-VA MSA",47073,msa_or_county,fossil_employment
332,"Kingsport-Bristol-Bristol, TN-VA MSA",47163,msa_or_county,fossil_employment
333,"Kingsport-Bristol-Bristol, TN-VA MSA",51169,msa_or_county,fossil_employment
334,"Kingsport-Bristol-Bristol, TN-VA MSA",51191,msa_or_county,fossil_employment
335,"Kingsport-Bristol-Bristol, TN-VA MSA",51520,msa_or_county,fossil_employment
336,"Okanogan County, Washington",53047,msa_or_county,fossil_employment
337,"Lincoln County, Nebraska",31111,msa_or_county,fossil_employment
338,"Clearwater County, Minnesota",27029,msa_or_county,fossil_employment
339,"Cooke County, Texas",48097,msa_or_county,fossil_employment
340,"Jack County, Texas",48237,msa_or_county,fossil_employment
341,"Sabine Parish, Louisiana",22085,msa_or_county,fossil_employment
342,"Fisher County, Texas",48151,msa_or_county,fossil_employment
343,"Henderson County, Texas",48213,msa_or_county,fossil_employment
344,"Ottawa County, Ohio",39123,msa_or_county,fossil_employment
345,"Saline County, Illinois",17165,msa_or_county,fossil_employment
346,"Grand Forks, ND-MN MSA",27119,msa_or_county,fossil_employment
347,"Grand Forks, ND-MN MSA",38035,msa_or_county,fossil_employment
348,"Cincinnati, OH-KY-IN MSA",18029,msa_or_county,fossil_employment
349,"Cincinnati, OH-KY-IN MSA",18115,msa_or_county,fossil_employment
350,"Cincinnati, OH-KY-IN MSA",18161,msa_or_county,fossil_employment
351,"Cincinnati, OH-KY-IN MSA",21015,msa_or_county,fossil_employment
352,"Cincinnati, OH-KY-IN MSA",21023,msa_or_county,fossil_employment
353,"Cincinnati, OH-KY-IN MSA",21037,msa_or_county,fossil_employment
354,"Cincinnati, OH-KY-IN MSA",21077,msa_or_county,fossil_employment
355,"Cincinnati, OH-KY-IN MSA",21081,msa_or_county,fossil_employment
356,"Cincinnati, OH-KY-IN MSA",21117,msa_or_county,fossil_employment
357,"Cincinnati, OH-KY-IN MSA",21191,msa_or_county,fossil_employment
358,"Cincinnati, OH-KY-IN MSA",39015,msa_or_county,fossil_employment
359,"Cincinnati, OH-KY-IN MSA",39017,msa_or_county,fossil_employment
360,"Cincinnati, OH-KY-IN MSA",39025,msa_or_county,fossil_employment
361,"Cincinnati, OH-KY-IN MSA",39061,msa_or_county,fossil_employment
362,"Cincinnati, OH-KY-IN MSA",39165,msa_or_county,fossil_employment
363,"Stephens County, Oklahoma",40137,msa_or_county,fossil_employment
364,"Forest County, Pennsylvania",42053,msa_or_county,fossil_employment
365,"Malheur County, Oregon",41045,msa_or_county,fossil_employment
366,"Charlotte-Concord-Gastonia, NC-SC MSA",37025,msa_or_county,fossil_employment
367,"Charlotte-Concord-Gastonia, NC-SC MSA",37071,msa_or_county,fossil_employment
368,"Charlotte-Concord-Gastonia, NC-SC MSA",37097,msa_or_county,fossil_employment
369,"Charlotte-Concord-Gastonia, NC-SC MSA",37109,msa_or_county,fossil_employment
370,"Charlotte-Concord-Gastonia, NC-SC MSA",37119,msa_or_county,fossil_employment
371,"Charlotte-Concord-Gastonia, NC-SC MSA",37159,msa_or_county,fossil_employment
372,"Charlotte-Concord-Gastonia, NC-SC MSA",37179,msa_or_county,fossil_employment
373,"Charlotte-Concord-Gastonia, NC-SC MSA",45023,msa_or_county,fossil_employment
374,"Charlotte-Concord-Gastonia, NC-SC MSA",45057,msa_or_county,fossil_employment
375,"Charlotte-Concord-Gastonia, NC-SC MSA",45091,msa_or_county,fossil_employment
376,"Lewis County, West Virginia",54041,msa_or_county,fossil_employment
377,"Tyler, TX MSA",48423,msa_or_county,fossil_employment
378,"Panola County, Texas",48365,msa_or_county,fossil_employment
379,"Lee County, Kentucky",21129,msa_or_county,fossil_employment
380,"Cerro Gordo County, Iowa",19033,msa_or_county,fossil_employment
381,"Johnson County, Wyoming",56019,msa_or_county,fossil_employment
382,"Mansfield, OH MSA",39139,msa_or_county,fossil_employment
383,"Humphreys County, Mississippi",28053,msa_or_county,fossil_employment
384,"Atlantic City-Hammonton, NJ MSA",34001,msa_or_county,fossil_employment
385,"Live Oak County, Texas",48297,msa_or_county,fossil_employment
386,"Houston County, Texas",48225,msa_or_county,fossil_employment
387,"Itasca County, Minnesota",27061,msa_or_county,fossil_employment
388,"Washita County, Oklahoma",40149,msa_or_county,fossil_employment
389,"Lawrence County, Missouri",29109,msa_or_county,fossil_employment
390,"Preble County, Ohio",39135,msa_or_county,fossil_employment
391,"Williamsport, PA MSA",42081,msa_or_county,fossil_employment
392,"Van Buren County, Arkansas",5141,msa_or_county,fossil_employment
393,"Overton County, Tennessee",47133,msa_or_county,fossil_employment
394,"Kalkaska County, Michigan",26079,msa_or_county,fossil_employment
395,"Rice County, Kansas",20159,msa_or_county,fossil_employment
396,"Faribault County, Minnesota",27043,msa_or_county,fossil_employment
397,"Kingfisher County, Oklahoma",40073,msa_or_county,fossil_employment
398,"Eddy County, New Mexico",35015,msa_or_county,fossil_employment
399,"Fort Collins, CO MSA",08069,msa_or_county,fossil_employment
400,"Cullman County, Alabama",1043,msa_or_county,fossil_employment
401,"Stillwater County, Montana",30095,msa_or_county,fossil_employment
402,"Lubbock, TX MSA",48107,msa_or_county,fossil_employment
403,"Lubbock, TX MSA",48303,msa_or_county,fossil_employment
404,"Lubbock, TX MSA",48305,msa_or_county,fossil_employment
405,"Clarke County, Mississippi",28023,msa_or_county,fossil_employment
406,"Gilmer County, West Virginia",54021,msa_or_county,fossil_employment
407,"Alcorn County, Mississippi",28003,msa_or_county,fossil_employment
408,"Union County, Arkansas",5139,msa_or_county,fossil_employment
409,"Washington County, Mississippi",28151,msa_or_county,fossil_employment
410,"Lowndes County, Mississippi",28087,msa_or_county,fossil_employment
411,"Shreveport-Bossier City, LA MSA",22015,msa_or_county,fossil_employment
412,"Shreveport-Bossier City, LA MSA",22017,msa_or_county,fossil_employment
413,"Shreveport-Bossier City, LA MSA",22031,msa_or_county,fossil_employment
414,"Shreveport-Bossier City, LA MSA",22119,msa_or_county,fossil_employment
415,"Marion County, West Virginia",54049,msa_or_county,fossil_employment
416,"Letcher County, Kentucky",21133,msa_or_county,fossil_employment
417,"Marshall County, Alabama",1095,msa_or_county,fossil_employment
418,"Coles County, Illinois",17029,msa_or_county,fossil_employment
419,"Pondera County, Montana",30073,msa_or_county,fossil_employment
420,"Seward County, Kansas",20175,msa_or_county,fossil_employment
421,"Mountrail County, North Dakota",38061,msa_or_county,fossil_employment
422,"Otsego County, Michigan",26137,msa_or_county,fossil_employment
423,"Haskell County, Oklahoma",40061,msa_or_county,fossil_employment
424,"Redding, CA MSA",06089,msa_or_county,fossil_employment
425,"Love County, Oklahoma",40085,msa_or_county,fossil_employment
426,"Lee County, Mississippi",28081,msa_or_county,fossil_employment
427,"Hockley County, Texas",48219,msa_or_county,fossil_employment
428,"Mobile, AL MSA",01097,msa_or_county,fossil_employment
429,"Carbon County, Utah",49007,msa_or_county,fossil_employment
430,"Wilmington, NC MSA",37129,msa_or_county,fossil_employment
431,"Wilmington, NC MSA",37141,msa_or_county,fossil_employment
432,"Wilbarger County, Texas",48487,msa_or_county,fossil_employment
433,"Bolivar County, Mississippi",28011,msa_or_county,fossil_employment
434,"Panola County, Mississippi",28107,msa_or_county,fossil_employment
435,"Waupaca County, Wisconsin",55135,msa_or_county,fossil_employment
436,"Potter County, Pennsylvania",42105,msa_or_county,fossil_employment
437,"Pittsburg County, Oklahoma",40121,msa_or_county,fossil_employment
438,"Washington County, Vermont",50023,msa_or_county,fossil_employment
439,"Kemper County, Mississippi",28069,msa_or_county,fossil_employment
440,"Sabine County, Texas",48403,msa_or_county,fossil_employment
441,"Indianapolis-Carmel-Anderson, IN MSA",18011,msa_or_county,fossil_employment
442,"Indianapolis-Carmel-Anderson, IN MSA",18013,msa_or_county,fossil_employment
443,"Indianapolis-Carmel-Anderson, IN MSA",18057,msa_or_county,fossil_employment
444,"Indianapolis-Carmel-Anderson, IN MSA",18059,msa_or_county,fossil_employment
445,"Indianapolis-Carmel-Anderson, IN MSA",18063,msa_or_county,fossil_employment
446,"Indianapolis-Carmel-Anderson, IN MSA",18081,msa_or_county,fossil_employment
447,"Indianapolis-Carmel-Anderson, IN MSA",18095,msa_or_county,fossil_employment
448,"Indianapolis-Carmel-Anderson, IN MSA",18097,msa_or_county,fossil_employment
449,"Indianapolis-Carmel-Anderson, IN MSA",18109,msa_or_county,fossil_employment
450,"Indianapolis-Carmel-Anderson, IN MSA",18133,msa_or_county,fossil_employment
451,"Indianapolis-Carmel-Anderson, IN MSA",18145,msa_or_county,fossil_employment
452,"Custer County, Oklahoma",40039,msa_or_county,fossil_employment
453,"Pike County, Kentucky",21195,msa_or_county,fossil_employment
454,"Rio Arriba County, New Mexico",35039,msa_or_county,fossil_employment
455,"Visalia-Porterville, CA MSA",06107,msa_or_county,fossil_employment
456,"Fayette County, Texas",48149,msa_or_county,fossil_employment
457,"Montgomery County, Kansas",20125,msa_or_county,fossil_employment
458,"Dimmit County, Texas",48127,msa_or_county,fossil_employment
459,"Warren County, Pennsylvania",42123,msa_or_county,fossil_employment
460,"Washington Parish, Louisiana",22117,msa_or_county,fossil_employment
461,"Steuben County, New York",36101,msa_or_county,fossil_employment
462,"Lavaca County, Texas",48285,msa_or_county,fossil_employment
463,"Sutton County, Texas",48435,msa_or_county,fossil_employment
464,"Albuquerque, NM MSA",35001,msa_or_county,fossil_employment
465,"Albuquerque, NM MSA",35043,msa_or_county,fossil_employment
466,"Albuquerque, NM MSA",35057,msa_or_county,fossil_employment
467,"Albuquerque, NM MSA",35061,msa_or_county,fossil_employment
468,"Muncie, IN MSA",18035,msa_or_county,fossil_employment
469,"Whitley County, Kentucky",21235,msa_or_county,fossil_employment
470,"Casper, WY MSA",56025,msa_or_county,fossil_employment
471,"Sheridan County, Wyoming",56033,msa_or_county,fossil_employment
472,"New Orleans-Metairie, LA MSA",22051,msa_or_county,fossil_employment
473,"New Orleans-Metairie, LA MSA",22071,msa_or_county,fossil_employment
474,"New Orleans-Metairie, LA MSA",22075,msa_or_county,fossil_employment
475,"New Orleans-Metairie, LA MSA",22087,msa_or_county,fossil_employment
476,"New Orleans-Metairie, LA MSA",22089,msa_or_county,fossil_employment
477,"New Orleans-Metairie, LA MSA",22093,msa_or_county,fossil_employment
478,"New Orleans-Metairie, LA MSA",22095,msa_or_county,fossil_employment
479,"New Orleans-Metairie, LA MSA",22103,msa_or_county,fossil_employment
480,"Marengo County, Alabama",1091,msa_or_county,fossil_employment
481,"Mount Vernon-Anacortes, WA MSA",53057,msa_or_county,fossil_employment
482,"Upshur County, West Virginia",54097,msa_or_county,fossil_employment
483,"Randolph County, Arkansas",5121,msa_or_county,fossil_employment
484,"Gray County, Texas",48179,msa_or_county,fossil_employment
485,"Northumberland County, Pennsylvania",42097,msa_or_county,fossil_employment
486,"Tioga County, Pennsylvania",42117,msa_or_county,fossil_employment
487,"Austin-Round Rock, TX MSA",48021,msa_or_county,fossil_employment
488,"Austin-Round Rock, TX MSA",48055,msa_or_county,fossil_employment
489,"Austin-Round Rock, TX MSA",48209,msa_or_county,fossil_employment
490,"Austin-Round Rock, TX MSA",48453,msa_or_county,fossil_employment
491,"Austin-Round Rock, TX MSA",48491,msa_or_county,fossil_employment
492,"Monroe County, Mississippi",28095,msa_or_county,fossil_employment
493,"Mason County, West Virginia",54053,msa_or_county,fossil_employment
494,"Miami-Fort Lauderdale-West Palm Beach, FL MSA",12011,msa_or_county,fossil_employment
495,"Miami-Fort Lauderdale-West Palm Beach, FL MSA",12025,msa_or_county,fossil_employment
496,"Miami-Fort Lauderdale-West Palm Beach, FL MSA",12086,msa_or_county,fossil_employment
497,"Miami-Fort Lauderdale-West Palm Beach, FL MSA",12099,msa_or_county,fossil_employment
498,"Knox County, Ohio",39083,msa_or_county,fossil_employment
499,"College Station-Bryan, TX MSA",48041,msa_or_county,fossil_employment
500,"College Station-Bryan, TX MSA",48051,msa_or_county,fossil_employment
501,"College Station-Bryan, TX MSA",48395,msa_or_county,fossil_employment
502,"Scranton-Wilkes-Barre-Hazleton, PA MSA",42069,msa_or_county,fossil_employment
503,"Scranton-Wilkes-Barre-Hazleton, PA MSA",42079,msa_or_county,fossil_employment
504,"Scranton-Wilkes-Barre-Hazleton, PA MSA",42131,msa_or_county,fossil_employment
505,"Bell County, Kentucky",21013,msa_or_county,fossil_employment
506,"Garvin County, Oklahoma",40049,msa_or_county,fossil_employment
507,"Augusta-Richmond County, GA-SC MSA",13033,msa_or_county,fossil_employment
508,"Augusta-Richmond County, GA-SC MSA",13073,msa_or_county,fossil_employment
509,"Augusta-Richmond County, GA-SC MSA",13181,msa_or_county,fossil_employment
510,"Augusta-Richmond County, GA-SC MSA",13189,msa_or_county,fossil_employment
511,"Augusta-Richmond County, GA-SC MSA",13245,msa_or_county,fossil_employment
512,"Augusta-Richmond County, GA-SC MSA",45003,msa_or_county,fossil_employment
513,"Augusta-Richmond County, GA-SC MSA",45037,msa_or_county,fossil_employment
514,"Elko County, Nevada",32007,msa_or_county,fossil_employment
515,"White Pine County, Nevada",32033,msa_or_county,fossil_employment
516,"Starr County, Texas",48427,msa_or_county,fossil_employment
517,"Pine Bluff, AR MSA",05025,msa_or_county,fossil_employment
518,"Pine Bluff, AR MSA",05069,msa_or_county,fossil_employment
519,"Pine Bluff, AR MSA",05079,msa_or_county,fossil_employment
520,"Lawrence County, Kentucky",21127,msa_or_county,fossil_employment
521,"Lakeland-Winter Haven, FL MSA",12105,msa_or_county,fossil_employment
522,"Pittsylvania County, Virginia",51143,msa_or_county,fossil_employment
523,"Vallejo-Fairfield, CA MSA",06095,msa_or_county,fossil_employment
524,"Lipscomb County, Texas",48295,msa_or_county,fossil_employment
525,"Lincoln County, Wyoming",56023,msa_or_county,fossil_employment
526,"Panama City, FL MSA",12005,msa_or_county,fossil_employment
527,"Panama City, FL MSA",12045,msa_or_county,fossil_employment
528,"Stark County, North Dakota",38089,msa_or_county,fossil_employment
529,"Glacier County, Montana",30035,msa_or_county,fossil_employment
530,"Leslie County, Kentucky",21131,msa_or_county,fossil_employment
531,"Nashville-Davidson-Murfreesboro-Franklin, TN MSA",47015,msa_or_county,fossil_employment
532,"Nashville-Davidson-Murfreesboro-Franklin, TN MSA",47021,msa_or_county,fossil_employment
533,"Nashville-Davidson-Murfreesboro-Franklin, TN MSA",47037,msa_or_county,fossil_employment
534,"Nashville-Davidson-Murfreesboro-Franklin, TN MSA",47043,msa_or_county,fossil_employment
535,"Nashville-Davidson-Murfreesboro-Franklin, TN MSA",47081,msa_or_county,fossil_employment
536,"Nashville-Davidson-Murfreesboro-Franklin, TN MSA",47111,msa_or_county,fossil_employment
537,"Nashville-Davidson-Murfreesboro-Franklin, TN MSA",47119,msa_or_county,fossil_employment
538,"Nashville-Davidson-Murfreesboro-Franklin, TN MSA",47147,msa_or_county,fossil_employment
539,"Nashville-Davidson-Murfreesboro-Franklin, TN MSA",47149,msa_or_county,fossil_employment
540,"Nashville-Davidson-Murfreesboro-Franklin, TN MSA",47159,msa_or_county,fossil_employment
541,"Nashville-Davidson-Murfreesboro-Franklin, TN MSA",47165,msa_or_county,fossil_employment
542,"Nashville-Davidson-Murfreesboro-Franklin, TN MSA",47169,msa_or_county,fossil_employment
543,"Nashville-Davidson-Murfreesboro-Franklin, TN MSA",47187,msa_or_county,fossil_employment
544,"Nashville-Davidson-Murfreesboro-Franklin, TN MSA",47189,msa_or_county,fossil_employment
545,"Tuscarawas County, Ohio",39157,msa_or_county,fossil_employment
546,"Beaumont-Port Arthur, TX MSA",48199,msa_or_county,fossil_employment
547,"Beaumont-Port Arthur, TX MSA",48245,msa_or_county,fossil_employment
548,"Beaumont-Port Arthur, TX MSA",48351,msa_or_county,fossil_employment
549,"Beaumont-Port Arthur, TX MSA",48361,msa_or_county,fossil_employment
550,"Coffey County, Kansas",20031,msa_or_county,fossil_employment
551,"Grant County, Oregon",41023,msa_or_county,fossil_employment
552,"Andrews County, Texas",48003,msa_or_county,fossil_employment
553,"Spartanburg, SC MSA",45083,msa_or_county,fossil_employment
554,"Spartanburg, SC MSA",45087,msa_or_county,fossil_employment
555,"Scotts Bluff County, Nebraska",31157,msa_or_county,fossil_employment
556,"Madison County, Texas",48313,msa_or_county,fossil_employment
557,"Jackson County, Alabama",1071,msa_or_county,fossil_employment
558,"Polk County, Wisconsin",55095,msa_or_county,fossil_employment
559,"Clay County, Kentucky",21051,msa_or_county,fossil_employment
560,"Wichita Falls, TX MSA",48009,msa_or_county,fossil_employment
561,"Wichita Falls, TX MSA",48077,msa_or_county,fossil_employment
562,"Wichita Falls, TX MSA",48485,msa_or_county,fossil_employment
563,"Roberts County, Texas",48393,msa_or_county,fossil_employment
564,"Garfield County, Colorado",8045,msa_or_county,fossil_employment
565,"Inyo County, California",6027,msa_or_county,fossil_employment
566,"Crook County, Wyoming",56011,msa_or_county,fossil_employment
567,"Russell County, Kansas",20167,msa_or_county,fossil_employment
568,"Hattiesburg, MS MSA",28035,msa_or_county,fossil_employment
569,"Hattiesburg, MS MSA",28073,msa_or_county,fossil_employment
570,"Hattiesburg, MS MSA",28111,msa_or_county,fossil_employment
571,"Henry County, Missouri",29083,msa_or_county,fossil_employment
572,"Elk County, Kansas",20049,msa_or_county,fossil_employment
573,"Wyoming County, West Virginia",54109,msa_or_county,fossil_employment
574,"LaSalle Parish, Louisiana",22059,msa_or_county,fossil_employment
575,"Corpus Christi, TX MSA",48007,msa_or_county,fossil_employment
576,"Corpus Christi, TX MSA",48355,msa_or_county,fossil_employment
577,"Corpus Christi, TX MSA",48409,msa_or_county,fossil_employment
578,"Grand County, Utah",49019,msa_or_county,fossil_employment
579,"Pulaski County, Kentucky",21199,msa_or_county,fossil_employment
580,"Isabella County, Michigan",26073,msa_or_county,fossil_employment
581,"Clay County, Illinois",17025,msa_or_county,fossil_employment
582,"Springfield, MO MSA",29043,msa_or_county,fossil_employment
583,"Springfield, MO MSA",29059,msa_or_county,fossil_employment
584,"Springfield, MO MSA",29077,msa_or_county,fossil_employment
585,"Springfield, MO MSA",29167,msa_or_county,fossil_employment
586,"Springfield, MO MSA",29225,msa_or_county,fossil_employment
587,"Garza County, Texas",48169,msa_or_county,fossil_employment
588,"Schuylkill County, Pennsylvania",42107,msa_or_county,fossil_employment
589,"Matagorda County, Texas",48321,msa_or_county,fossil_employment
590,"Moffat County, Colorado",8081,msa_or_county,fossil_employment
591,"Limestone County, Texas",48293,msa_or_county,fossil_employment
592,"Reagan County, Texas",48383,msa_or_county,fossil_employment
593,"Hughes County, Oklahoma",40063,msa_or_county,fossil_employment
594,"Mercer County, West Virginia",54055,msa_or_county,fossil_employment
595,"Fort Smith, AR-OK MSA",05033,msa_or_county,fossil_employment
596,"Fort Smith, AR-OK MSA",05131,msa_or_county,fossil_employment
597,"Fort Smith, AR-OK MSA",40079,msa_or_county,fossil_employment
598,"Fort Smith, AR-OK MSA",40135,msa_or_county,fossil_employment
599,"Springfield, OH MSA",39023,msa_or_county,fossil_employment
600,"Dewey County, Oklahoma",40043,msa_or_county,fossil_employment
601,"Monroe County, Ohio",39111,msa_or_county,fossil_employment
602,"San Juan County, Utah",49037,msa_or_county,fossil_employment
603,"Birmingham-Hoover, AL MSA",01007,msa_or_county,fossil_employment
604,"Birmingham-Hoover, AL MSA",01009,msa_or_county,fossil_employment
605,"Birmingham-Hoover, AL MSA",01021,msa_or_county,fossil_employment
606,"Birmingham-Hoover, AL MSA",01073,msa_or_county,fossil_employment
607,"Birmingham-Hoover, AL MSA",01115,msa_or_county,fossil_employment
608,"Birmingham-Hoover, AL MSA",01117,msa_or_county,fossil_employment
609,"Birmingham-Hoover, AL MSA",01127,msa_or_county,fossil_employment
610,"Becker County, Minnesota",27005,msa_or_county,fossil_employment
611,"Greene County, Mississippi",28041,msa_or_county,fossil_employment
612,"Oklahoma City, OK MSA",40017,msa_or_county,fossil_employment
613,"Oklahoma City, OK MSA",40027,msa_or_county,fossil_employment
614,"Oklahoma City, OK MSA",40051,msa_or_county,fossil_employment
615,"Oklahoma City, OK MSA",40081,msa_or_county,fossil_employment
616,"Oklahoma City, OK MSA",40083,msa_or_county,fossil_employment
617,"Oklahoma City, OK MSA",40087,msa_or_county,fossil_employment
618,"Oklahoma City, OK MSA",40109,msa_or_county,fossil_employment
619,"Fremont County, Wyoming",56013,msa_or_county,fossil_employment
620,"Washington County, Georgia",13303,msa_or_county,fossil_employment
621,"Allentown-Bethlehem-Easton, PA-NJ MSA",34041,msa_or_county,fossil_employment
622,"Allentown-Bethlehem-Easton, PA-NJ MSA",42025,msa_or_county,fossil_employment
623,"Allentown-Bethlehem-Easton, PA-NJ MSA",42077,msa_or_county,fossil_employment
624,"Allentown-Bethlehem-Easton, PA-NJ MSA",42095,msa_or_county,fossil_employment
625,"Catahoula Parish, Louisiana",22025,msa_or_county,fossil_employment
626,"White County, Arkansas",5145,msa_or_county,fossil_employment
627,"Wayne County, Ohio",39169,msa_or_county,fossil_employment
628,"Howard County, Texas",48227,msa_or_county,fossil_employment
629,"Harrison County, Ohio",39067,msa_or_county,fossil_employment
630,"Huntington County, Indiana",18069,msa_or_county,fossil_employment
631,"Lyon County, Nevada",32019,msa_or_county,fossil_employment
632,"Nacogdoches County, Texas",48347,msa_or_county,fossil_employment
633,"Young County, Texas",48503,msa_or_county,fossil_employment
634,"Marion County, Mississippi",28091,msa_or_county,fossil_employment
635,"Oxnard-Thousand Oaks-Ventura, CA MSA",06111,msa_or_county,fossil_employment
636,"San Jacinto County, Texas",48407,msa_or_county,fossil_employment
637,"Altoona, PA MSA",42013,msa_or_county,fossil_employment
638,"Converse County, Wyoming",56009,msa_or_county,fossil_employment
639,"Nelson County, Kentucky",21179,msa_or_county,fossil_employment
640,"Dallas-Fort Worth-Arlington, TX MSA",48085,msa_or_county,fossil_employment
641,"Dallas-Fort Worth-Arlington, TX MSA",48113,msa_or_county,fossil_employment
642,"Dallas-Fort Worth-Arlington, TX MSA",48121,msa_or_county,fossil_employment
643,"Dallas-Fort Worth-Arlington, TX MSA",48139,msa_or_county,fossil_employment
644,"Dallas-Fort Worth-Arlington, TX MSA",48221,msa_or_county,fossil_employment
645,"Dallas-Fort Worth-Arlington, TX MSA",48231,msa_or_county,fossil_employment
646,"Dallas-Fort Worth-Arlington, TX MSA",48251,msa_or_county,fossil_employment
647,"Dallas-Fort Worth-Arlington, TX MSA",48257,msa_or_county,fossil_employment
648,"Dallas-Fort Worth-Arlington, TX MSA",48367,msa_or_county,fossil_employment
649,"Dallas-Fort Worth-Arlington, TX MSA",48397,msa_or_county,fossil_employment
650,"Dallas-Fort Worth-Arlington, TX MSA",48425,msa_or_county,fossil_employment
651,"Dallas-Fort Worth-Arlington, TX MSA",48439,msa_or_county,fossil_employment
652,"Dallas-Fort Worth-Arlington, TX MSA",48497,msa_or_county,fossil_employment
653,"Barren County, Kentucky",21009,msa_or_county,fossil_employment
654,"Wichita, KS MSA",20015,msa_or_county,fossil_employment
655,"Wichita, KS MSA",20079,msa_or_county,fossil_employment
656,"Wichita, KS MSA",20095,msa_or_county,fossil_employment
657,"Wichita, KS MSA",20173,msa_or_county,fossil_employment
658,"Wichita, KS MSA",20191,msa_or_county,fossil_employment
659,"Sublette County, Wyoming",56035,msa_or_county,fossil_employment
660,"Howell County, Missouri",29091,msa_or_county,fossil_employment
661,"Freestone County, Texas",48161,msa_or_county,fossil_employment
662,"Uintah County, Utah",49047,msa_or_county,fossil_employment
663,"Crawford County, Illinois",17033,msa_or_county,fossil_employment
664,"San Augustine County, Texas",48405,msa_or_county,fossil_employment
665,"Titus County, Texas",48449,msa_or_county,fossil_employment
666,"Great Falls, MT MSA",30013,msa_or_county,fossil_employment
667,"Jim Wells County, Texas",48249,msa_or_county,fossil_employment
668,"Billings, MT MSA",30009,msa_or_county,fossil_employment
669,"Billings, MT MSA",30037,msa_or_county,fossil_employment
670,"Billings, MT MSA",30111,msa_or_county,fossil_employment
671,"Noble County, Ohio",39121,msa_or_county,fossil_employment
672,"Hutchinson County, Texas",48233,msa_or_county,fossil_employment
673,"Cibola County, New Mexico",35006,msa_or_county,fossil_employment
674,"Major County, Oklahoma",40093,msa_or_county,fossil_employment
675,"Muskegon, MI MSA",26121,msa_or_county,fossil_employment
676,"Desha County, Arkansas",5041,msa_or_county,fossil_employment
677,"Colleton County, South Carolina",45029,msa_or_county,fossil_employment
678,"Washington County, Texas",48477,msa_or_county,fossil_employment
679,"Houston-The Woodlands-Sugar Land, TX MSA",48015,msa_or_county,fossil_employment
680,"Houston-The Woodlands-Sugar Land, TX MSA",48039,msa_or_county,fossil_employment
681,"Houston-The Woodlands-Sugar Land, TX MSA",48071,msa_or_county,fossil_employment
682,"Houston-The Woodlands-Sugar Land, TX MSA",48157,msa_or_county,fossil_employment
683,"Houston-The Woodlands-Sugar Land, TX MSA",48167,msa_or_county,fossil_employment
684,"Houston-The Woodlands-Sugar Land, TX MSA",48201,msa_or_county,fossil_employment
685,"Houston-The Woodlands-Sugar Land, TX MSA",48291,msa_or_county,fossil_employment
686,"Houston-The Woodlands-Sugar Land, TX MSA",48339,msa_or_county,fossil_employment
687,"Houston-The Woodlands-Sugar Land, TX MSA",48473,msa_or_county,fossil_employment
688,"Columbus County, North Carolina",37047,msa_or_county,fossil_employment
689,"Meigs County, Ohio",39105,msa_or_county,fossil_employment
690,"Vernon Parish, Louisiana",22115,msa_or_county,fossil_employment
691,"Van Zandt County, Texas",48467,msa_or_county,fossil_employment
692,"Houma-Thibodaux, LA MSA",22057,msa_or_county,fossil_employment
693,"Houma-Thibodaux, LA MSA",22109,msa_or_county,fossil_employment
694,"Mckean County, Pennsylvania",42083,msa_or_county,fossil_employment
695,"Montgomery, AL MSA",01001,msa_or_county,fossil_employment
696,"Montgomery, AL MSA",01051,msa_or_county,fossil_employment
697,"Montgomery, AL MSA",01085,msa_or_county,fossil_employment
698,"Montgomery, AL MSA",01101,msa_or_county,fossil_employment
699,"Stephens County, Texas",48429,msa_or_county,fossil_employment
700,"McCurtain County, Oklahoma",40089,msa_or_county,fossil_employment
701,"Coleman County, Texas",48083,msa_or_county,fossil_employment
702,"Columbiana County, Ohio",39029,msa_or_county,fossil_employment
703,"Livingston County, Kentucky",21139,msa_or_county,fossil_employment
704,"Pittsburgh, PA MSA",42003,msa_or_county,fossil_employment
705,"Pittsburgh, PA MSA",42005,msa_or_county,fossil_employment
706,"Pittsburgh, PA MSA",42007,msa_or_county,fossil_employment
707,"Pittsburgh, PA MSA",42019,msa_or_county,fossil_employment
708,"Pittsburgh, PA MSA",42051,msa_or_county,fossil_employment
709,"Pittsburgh, PA MSA",42125,msa_or_county,fossil_employment
710,"Pittsburgh, PA MSA",42129,msa_or_county,fossil_employment
711,"Glenn County, California",6021,msa_or_county,fossil_employment
712,"Columbus, OH MSA",39041,msa_or_county,fossil_employment
713,"Columbus, OH MSA",39045,msa_or_county,fossil_employment
714,"Columbus, OH MSA",39049,msa_or_county,fossil_employment
715,"Columbus, OH MSA",39073,msa_or_county,fossil_employment
716,"Columbus, OH MSA",39089,msa_or_county,fossil_employment
717,"Columbus, OH MSA",39097,msa_or_county,fossil_employment
718,"Columbus, OH MSA",39117,msa_or_county,fossil_employment
719,"Columbus, OH MSA",39127,msa_or_county,fossil_employment
720,"Columbus, OH MSA",39129,msa_or_county,fossil_employment
721,"Columbus, OH MSA",39159,msa_or_county,fossil_employment
722,"Clearfield County, Pennsylvania",42033,msa_or_county,fossil_employment
723,"Patrick County, Virginia",51141,msa_or_county,fossil_employment
724,"Fayette County, Alabama",1057,msa_or_county,fossil_employment
725,"Amarillo, TX MSA",48011,msa_or_county,fossil_employment
726,"Amarillo, TX MSA",48065,msa_or_county,fossil_employment
727,"Amarillo, TX MSA",48359,msa_or_county,fossil_employment
728,"Amarillo, TX MSA",48375,msa_or_county,fossil_employment
729,"Amarillo, TX MSA",48381,msa_or_county,fossil_employment
730,"Ochiltree County, Texas",48357,msa_or_county,fossil_employment
731,"McDowell County, West Virginia",54047,msa_or_county,fossil_employment
732,"Las Animas County, Colorado",8071,msa_or_county,fossil_employment
733,"Dunn County, North Dakota",38025,msa_or_county,fossil_employment
734,"Bee County, Texas",48025,msa_or_county,fossil_employment
735,"Ritchie County, West Virginia",54085,msa_or_county,fossil_employment
736,"Kenai Peninsula Borough, Alaska",2122,msa_or_county,fossil_employment
737,"Brooks County, Texas",48047,msa_or_county,fossil_employment
738,"Kidder County, North Dakota",38043,msa_or_county,fossil_employment
739,"Butler County, Alabama",1013,msa_or_county,fossil_employment
740,"La Paz County, Arizona",4012,msa_or_county,fossil_employment
741,"Ware County, Georgia",13299,msa_or_county,fossil_employment
742,"Zavala County, Texas",48507,msa_or_county,fossil_employment
743,"Delta County, Colorado",8029,msa_or_county,fossil_employment
744,"Angelina County, Texas",48005,msa_or_county,fossil_employment
745,"Montgomery County, Illinois",17135,msa_or_county,fossil_employment
746,"Shoshone County, Idaho",16079,msa_or_county,fossil_employment
747,"Russell County, Virginia",51167,msa_or_county,fossil_employment
748,"Wayne County, Mississippi",28153,msa_or_county,fossil_employment
749,"Karnes County, Texas",48255,msa_or_county,fossil_employment
750,"Benton County, Missouri",29015,msa_or_county,fossil_employment
751,"Brown County, South Dakota",46013,msa_or_county,fossil_employment
752,"Lander County, Nevada",32015,msa_or_county,fossil_employment
753,"Lewis County, Washington",53041,msa_or_county,fossil_employment
754,"Humboldt County, Nevada",32013,msa_or_county,fossil_employment
755,"Noble County, Oklahoma",40103,msa_or_county,fossil_employment
756,"Washakie County, Wyoming",56043,msa_or_county,fossil_employment
757,"Sanilac County, Michigan",26151,msa_or_county,fossil_employment
758,"Runnels County, Texas",48399,msa_or_county,fossil_employment
759,"Gibson County, Tennessee",47053,msa_or_county,fossil_employment
760,"Covington County, Mississippi",28031,msa_or_county,fossil_employment
761,"Campbell County, Wyoming",56005,msa_or_county,fossil_employment
762,"Cherokee County, Oklahoma",40021,msa_or_county,fossil_employment
763,"New York-Newark-Jersey City, NY-NJ-PA MSA",34003,msa_or_county,fossil_employment
764,"New York-Newark-Jersey City, NY-NJ-PA MSA",34013,msa_or_county,fossil_employment
765,"New York-Newark-Jersey City, NY-NJ-PA MSA",34017,msa_or_county,fossil_employment
766,"New York-Newark-Jersey City, NY-NJ-PA MSA",34019,msa_or_county,fossil_employment
767,"New York-Newark-Jersey City, NY-NJ-PA MSA",34023,msa_or_county,fossil_employment
768,"New York-Newark-Jersey City, NY-NJ-PA MSA",34025,msa_or_county,fossil_employment
769,"New York-Newark-Jersey City, NY-NJ-PA MSA",34027,msa_or_county,fossil_employment
770,"New York-Newark-Jersey City, NY-NJ-PA MSA",34029,msa_or_county,fossil_employment
771,"New York-Newark-Jersey City, NY-NJ-PA MSA",34031,msa_or_county,fossil_employment
772,"New York-Newark-Jersey City, NY-NJ-PA MSA",34035,msa_or_county,fossil_employment
773,"New York-Newark-Jersey City, NY-NJ-PA MSA",34037,msa_or_county,fossil_employment
774,"New York-Newark-Jersey City, NY-NJ-PA MSA",34039,msa_or_county,fossil_employment
775,"New York-Newark-Jersey City, NY-NJ-PA MSA",36005,msa_or_county,fossil_employment
776,"New York-Newark-Jersey City, NY-NJ-PA MSA",36027,msa_or_county,fossil_employment
777,"New York-Newark-Jersey City, NY-NJ-PA MSA",36047,msa_or_county,fossil_employment
778,"New York-Newark-Jersey City, NY-NJ-PA MSA",36059,msa_or_county,fossil_employment
779,"New York-Newark-Jersey City, NY-NJ-PA MSA",36061,msa_or_county,fossil_employment
780,"New York-Newark-Jersey City, NY-NJ-PA MSA",36071,msa_or_county,fossil_employment
781,"New York-Newark-Jersey City, NY-NJ-PA MSA",36079,msa_or_county,fossil_employment
782,"New York-Newark-Jersey City, NY-NJ-PA MSA",36081,msa_or_county,fossil_employment
783,"New York-Newark-Jersey City, NY-NJ-PA MSA",36085,msa_or_county,fossil_employment
784,"New York-Newark-Jersey City, NY-NJ-PA MSA",36087,msa_or_county,fossil_employment
785,"New York-Newark-Jersey City, NY-NJ-PA MSA",36103,msa_or_county,fossil_employment
786,"New York-Newark-Jersey City, NY-NJ-PA MSA",36119,msa_or_county,fossil_employment
787,"New York-Newark-Jersey City, NY-NJ-PA MSA",42103,msa_or_county,fossil_employment
788,"Lincoln County, Tennessee",47103,msa_or_county,fossil_employment
789,"Hamilton County, Illinois",17065,msa_or_county,fossil_employment
790,"Laclede County, Missouri",29105,msa_or_county,fossil_employment
791,"Martin County, Kentucky",21159,msa_or_county,fossil_employment
792,"Jasper County, Mississippi",28061,msa_or_county,fossil_employment
793,"Richland County, Illinois",17159,msa_or_county,fossil_employment
794,"Reeves County, Texas",48389,msa_or_county,fossil_employment
795,"Terre Haute, IN MSA",18021,msa_or_county,fossil_employment
796,"Terre Haute, IN MSA",18153,msa_or_county,fossil_employment
797,"Terre Haute, IN MSA",18165,msa_or_county,fossil_employment
798,"Terre Haute, IN MSA",18167,msa_or_county,fossil_employment
799,"Woodson County, Kansas",20207,msa_or_county,fossil_employment
800,"Knox County, Kentucky",21121,msa_or_county,fossil_employment
801,"Bradford County, Pennsylvania",42015,msa_or_county,fossil_employment
802,"Yankton County, South Dakota",46135,msa_or_county,fossil_employment
803,"Wright County, Missouri",29229,msa_or_county,fossil_employment
804,"Roosevelt County, Montana",30085,msa_or_county,fossil_employment
805,"Logan County, West Virginia",54045,msa_or_county,fossil_employment
806,"Scott County, Missouri",29201,msa_or_county,fossil_employment
807,"Grand Rapids-Wyoming, MI MSA",26015,msa_or_county,fossil_employment
808,"Grand Rapids-Wyoming, MI MSA",26081,msa_or_county,fossil_employment
809,"Grand Rapids-Wyoming, MI MSA",26117,msa_or_county,fossil_employment
810,"Grand Rapids-Wyoming, MI MSA",26139,msa_or_county,fossil_employment
811,"Modesto, CA MSA",06099,msa_or_county,fossil_employment
812,"Weston County, Wyoming",56045,msa_or_county,fossil_employment
813,"Vineland-Bridgeton, NJ MSA",34011,msa_or_county,fossil_employment
814,"Akron, OH MSA",39133,msa_or_county,fossil_employment
815,"Akron, OH MSA",39153,msa_or_county,fossil_employment
816,"Youngstown-Warren-Boardman, OH-PA MSA",39099,msa_or_county,fossil_employment
817,"Youngstown-Warren-Boardman, OH-PA MSA",39155,msa_or_county,fossil_employment
818,"Youngstown-Warren-Boardman, OH-PA MSA",42085,msa_or_county,fossil_employment
819,"Buchanan County, Virginia",51027,msa_or_county,fossil_employment
820,"Chautauqua County, New York",36013,msa_or_county,fossil_employment
821,"Minneapolis-St. Paul-Bloomington, MN-WI MSA",27003,msa_or_county,fossil_employment
822,"Minneapolis-St. Paul-Bloomington, MN-WI MSA",27019,msa_or_county,fossil_employment
823,"Minneapolis-St. Paul-Bloomington, MN-WI MSA",27025,msa_or_county,fossil_employment
824,"Minneapolis-St. Paul-Bloomington, MN-WI MSA",27037,msa_or_county,fossil_employment
825,"Minneapolis-St. Paul-Bloomington, MN-WI MSA",27053,msa_or_county,fossil_employment
826,"Minneapolis-St. Paul-Bloomington, MN-WI MSA",27059,msa_or_county,fossil_employment
827,"Minneapolis-St. Paul-Bloomington, MN-WI MSA",27079,msa_or_county,fossil_employment
828,"Minneapolis-St. Paul-Bloomington, MN-WI MSA",27095,msa_or_county,fossil_employment
829,"Minneapolis-St. Paul-Bloomington, MN-WI MSA",27123,msa_or_county,fossil_employment
830,"Minneapolis-St. Paul-Bloomington, MN-WI MSA",27139,msa_or_county,fossil_employment
831,"Minneapolis-St. Paul-Bloomington, MN-WI MSA",27141,msa_or_county,fossil_employment
832,"Minneapolis-St. Paul-Bloomington, MN-WI MSA",27143,msa_or_county,fossil_employment
833,"Minneapolis-St. Paul-Bloomington, MN-WI MSA",27163,msa_or_county,fossil_employment
834,"Minneapolis-St. Paul-Bloomington, MN-WI MSA",27171,msa_or_county,fossil_employment
835,"Minneapolis-St. Paul-Bloomington, MN-WI MSA",55093,msa_or_county,fossil_employment
836,"Minneapolis-St. Paul-Bloomington, MN-WI MSA",55109,msa_or_county,fossil_employment
837,"Harrison County, West Virginia",54033,msa_or_county,fossil_employment
838,"Bismarck, ND MSA",38015,msa_or_county,fossil_employment
839,"Bismarck, ND MSA",38059,msa_or_county,fossil_employment
840,"Bismarck, ND MSA",38065,msa_or_county,fossil_employment
841,"Bismarck, ND MSA",38085,msa_or_county,fossil_employment
842,"Charleston, WV MSA",54005,msa_or_county,fossil_employment
843,"Charleston, WV MSA",54015,msa_or_county,fossil_employment
844,"Charleston, WV MSA",54039,msa_or_county,fossil_employment
845,"McAllen-Edinburg-Mission, TX MSA",48215,msa_or_county,fossil_employment
846,"Fountain County, Indiana",18045,msa_or_county,fossil_employment
847,"McNairy County, Tennessee",47109,msa_or_county,fossil_employment
848,"Knott County, Kentucky",21119,msa_or_county,fossil_employment
849,"Palo Alto County, Iowa",19147,msa_or_county,fossil_employment
850,"Williams County, North Dakota",38105,msa_or_county,fossil_employment
851,"Lee County, North Carolina",37105,msa_or_county,fossil_employment
852,"Custer County, Montana",30017,msa_or_county,fossil_employment
853,"Rockingham County, New Hampshire",33015,msa_or_county,fossil_employment
854,"Taos County, New Mexico",35055,msa_or_county,fossil_employment
855,"Amite County, Mississippi",28005,msa_or_county,fossil_employment
856,"Seminole County, Oklahoma",40133,msa_or_county,fossil_employment
857,"Clinton County, Kentucky",21053,msa_or_county,fossil_employment
858,"Bedford County, Pennsylvania",42009,msa_or_county,fossil_employment
859,"Fergus County, Montana",30027,msa_or_county,fossil_employment
860,"Laurel County, Kentucky",21125,msa_or_county,fossil_employment
861,"Stoddard County, Missouri",29207,msa_or_county,fossil_employment
862,"Dothan, AL MSA",01061,msa_or_county,fossil_employment
863,"Dothan, AL MSA",01067,msa_or_county,fossil_employment
864,"Dothan, AL MSA",01069,msa_or_county,fossil_employment
865,"Detroit-Warren-Dearborn, MI MSA",26087,msa_or_county,fossil_employment
866,"Detroit-Warren-Dearborn, MI MSA",26093,msa_or_county,fossil_employment
867,"Detroit-Warren-Dearborn, MI MSA",26099,msa_or_county,fossil_employment
868,"Detroit-Warren-Dearborn, MI MSA",26125,msa_or_county,fossil_employment
869,"Detroit-Warren-Dearborn, MI MSA",26147,msa_or_county,fossil_employment
870,"Detroit-Warren-Dearborn, MI MSA",26163,msa_or_county,fossil_employment
871,"Longview, TX MSA",48183,msa_or_county,fossil_employment
872,"Longview, TX MSA",48401,msa_or_county,fossil_employment
873,"Longview, TX MSA",48459,msa_or_county,fossil_employment
874,"Wabash County, Illinois",17185,msa_or_county,fossil_employment
875,"Adams County, Ohio",39001,msa_or_county,fossil_employment
876,"Ward County, Texas",48475,msa_or_county,fossil_employment
877,"San Antonio-New Braunfels, TX MSA",48013,msa_or_county,fossil_employment
878,"San Antonio-New Braunfels, TX MSA",48019,msa_or_county,fossil_employment
879,"San Antonio-New Braunfels, TX MSA",48029,msa_or_county,fossil_employment
880,"San Antonio-New Braunfels, TX MSA",48091,msa_or_county,fossil_employment
881,"San Antonio-New Braunfels, TX MSA",48187,msa_or_county,fossil_employment
882,"San Antonio-New Braunfels, TX MSA",48259,msa_or_county,fossil_employment
883,"San Antonio-New Braunfels, TX MSA",48325,msa_or_county,fossil_employment
884,"San Antonio-New Braunfels, TX MSA",48493,msa_or_county,fossil_employment
885,"Siskiyou County, California",6093,msa_or_county,fossil_employment
886,"Putnam County, Ohio",39137,msa_or_county,fossil_employment
887,"McCracken County, Kentucky",21145,msa_or_county,fossil_employment
888,"Adair County, Iowa",19001,msa_or_county,fossil_employment
889,"Cumberland, MD-WV MSA",24001,msa_or_county,fossil_employment
890,"Cumberland, MD-WV MSA",54057,msa_or_county,fossil_employment
891,"North Slope Borough, Alaska",2185,msa_or_county,fossil_employment
892,"Jefferson Davis Parish, Louisiana",22053,msa_or_county,fossil_employment
893,"Pontotoc County, Oklahoma",40123,msa_or_county,fossil_employment
894,"Lauderdale County, Mississippi",28075,msa_or_county,fossil_employment
895,"La Plata County, Colorado",8067,msa_or_county,fossil_employment
896,"Franklin Parish, Louisiana",22041,msa_or_county,fossil_employment
897,"Jefferson County, Pennsylvania",42065,msa_or_county,fossil_employment
898,"Jefferson Davis County, Mississippi",28065,msa_or_county,fossil_employment
899,"Sheridan County, Montana",30091,msa_or_county,fossil_employment
900,"Mingo County, West Virginia",54059,msa_or_county,fossil_employment
901,"El Paso, TX MSA",48141,msa_or_county,fossil_employment
902,"El Paso, TX MSA",48229,msa_or_county,fossil_employment
903,"Marion County, Alabama",1093,msa_or_county,fossil_employment
904,"Union County, Kentucky",21225,msa_or_county,fossil_employment
905,"Harrison County, Texas",48203,msa_or_county,fossil_employment
906,"Weirton-Steubenville, WV-OH MSA",39081,msa_or_county,fossil_employment
907,"Weirton-Steubenville, WV-OH MSA",54009,msa_or_county,fossil_employment
908,"Weirton-Steubenville, WV-OH MSA",54029,msa_or_county,fossil_employment
909,"Silver Bow County, Montana",30093,msa_or_county,fossil_employment
910,"Fayette County, Illinois",17051,msa_or_county,fossil_employment
911,"Pemiscot County, Missouri",29155,msa_or_county,fossil_employment
912,"Sweetwater County, Wyoming",56037,msa_or_county,fossil_employment
913,"San Angelo, TX MSA",48235,msa_or_county,fossil_employment
914,"San Angelo, TX MSA",48451,msa_or_county,fossil_employment
915,"Carbon County, Wyoming",56007,msa_or_county,fossil_employment
916,"Scurry County, Texas",48415,msa_or_county,fossil_employment
917,"Attala County, Mississippi",28007,msa_or_county,fossil_employment
918,"Shelby County, Texas",48419,msa_or_county,fossil_employment
919,"Richland County, Montana",30083,msa_or_county,fossil_employment
920,"Adams County, Mississippi",28001,msa_or_county,fossil_employment
921,"Boone County, Arkansas",5009,msa_or_county,fossil_employment
922,"McLean County, North Dakota",38055,msa_or_county,fossil_employment
923,"Barbour County, West Virginia",54001,msa_or_county,fossil_employment
924,"Marshall County, Minnesota",27089,msa_or_county,fossil_employment
925,"Tyler County, Texas",48457,msa_or_county,fossil_employment
926,"Green Bay, WI MSA",55009,msa_or_county,fossil_employment
927,"Green Bay, WI MSA",55061,msa_or_county,fossil_employment
928,"Green Bay, WI MSA",55083,msa_or_county,fossil_employment
929,"Abilene, TX MSA",48059,msa_or_county,fossil_employment
930,"Abilene, TX MSA",48253,msa_or_county,fossil_employment
931,"Abilene, TX MSA",48441,msa_or_county,fossil_employment
932,"Archuleta County, Colorado",8007,msa_or_county,fossil_employment
933,"Quay County, New Mexico",35037,msa_or_county,fossil_employment
934,"Magoffin County, Kentucky",21153,msa_or_county,fossil_employment
935,"Barton County, Kansas",20009,msa_or_county,fossil_employment
936,"Pottawatomie County, Oklahoma",40125,msa_or_county,fossil_employment
937,"Anderson County, Kansas",20003,msa_or_county,fossil_employment
938,"Big Horn County, Montana",30003,msa_or_county,fossil_employment
939,"Ouachita County, Arkansas",5103,msa_or_county,fossil_employment
940,"Polk County, Texas",48373,msa_or_county,fossil_employment
941,"Montgomery County, Kentucky",21173,msa_or_county,fossil_employment
942,"Natchitoches Parish, Louisiana",22069,msa_or_county,fossil_employment
943,"Choctaw County, Mississippi",28019,msa_or_county,fossil_employment
944,"Beauregard Parish, Louisiana",22011,msa_or_county,fossil_employment
945,"St. Louis, MO-IL MSA",17005,msa_or_county,fossil_employment
946,"St. Louis, MO-IL MSA",17013,msa_or_county,fossil_employment
947,"St. Louis, MO-IL MSA",17027,msa_or_county,fossil_employment
948,"St. Louis, MO-IL MSA",17083,msa_or_county,fossil_employment
949,"St. Louis, MO-IL MSA",17117,msa_or_county,fossil_employment
950,"St. Louis, MO-IL MSA",17119,msa_or_county,fossil_employment
951,"St. Louis, MO-IL MSA",17133,msa_or_county,fossil_employment
952,"St. Louis, MO-IL MSA",17163,msa_or_county,fossil_employment
953,"St. Louis, MO-IL MSA",29071,msa_or_county,fossil_employment
954,"St. Louis, MO-IL MSA",29099,msa_or_county,fossil_employment
955,"St. Louis, MO-IL MSA",29113,msa_or_county,fossil_employment
956,"St. Louis, MO-IL MSA",29183,msa_or_county,fossil_employment
957,"St. Louis, MO-IL MSA",29189,msa_or_county,fossil_employment
958,"St. Louis, MO-IL MSA",29219,msa_or_county,fossil_employment
959,"St. Louis, MO-IL MSA",29510,msa_or_county,fossil_employment
960,"Wilson County, Kansas",20205,msa_or_county,fossil_employment
961,"Roger Mills County, Oklahoma",40129,msa_or_county,fossil_employment
962,"DeWitt County, Texas",48123,msa_or_county,fossil_employment
963,"Toombs County, Georgia",13279,msa_or_county,fossil_employment
964,"Grand Junction, CO MSA",08077,msa_or_county,fossil_employment
965,"Missoula, MT MSA",30063,msa_or_county,fossil_employment
966,"Hill County, Texas",48217,msa_or_county,fossil_employment
967,"Sterling County, Texas",48431,msa_or_county,fossil_employment
968,"Wetzel County, West Virginia",54103,msa_or_county,fossil_employment
969,"Gainesville, GA MSA",13139,msa_or_county,fossil_employment
970,"Susquehanna County, Pennsylvania",42115,msa_or_county,fossil_employment
971,"Taney County, Missouri",29213,msa_or_county,fossil_employment
972,"Hemphill County, Texas",48211,msa_or_county,fossil_employment
973,"Morgan County, Colorado",8087,msa_or_county,fossil_employment
974,"Conway County, Arkansas",5029,msa_or_county,fossil_employment
975,"Lafayette, LA MSA",22001,msa_or_county,fossil_employment
976,"Lafayette, LA MSA",22045,msa_or_county,fossil_employment
977,"Lafayette, LA MSA",22055,msa_or_county,fossil_employment
978,"Lafayette, LA MSA",22099,msa_or_county,fossil_employment
979,"Lafayette, LA MSA",22113,msa_or_county,fossil_employment
980,"Clark County, Illinois",17023,msa_or_county,fossil_employment
981,"Bellingham, WA MSA",53073,msa_or_county,fossil_employment
982,"Odessa, TX MSA",48135,msa_or_county,fossil_employment
983,"Goldsboro, NC MSA",37191,msa_or_county,fossil_employment
984,"Caddo County, Oklahoma",40015,msa_or_county,fossil_employment
985,"Elizabethtown-Fort Knox, KY MSA",21093,msa_or_county,fossil_employment
986,"Elizabethtown-Fort Knox, KY MSA",21123,msa_or_county,fossil_employment
987,"Elizabethtown-Fort Knox, KY MSA",21163,msa_or_county,fossil_employment
988,"Hot Springs County, Wyoming",56017,msa_or_county,fossil_employment
989,"Wood County, Texas",48499,msa_or_county,fossil_employment
990,"Humboldt County, Iowa",19091,msa_or_county,fossil_employment
991,"St. Mary Parish, Louisiana",22101,msa_or_county,fossil_employment
992,"Chaves County, New Mexico",35005,msa_or_county,fossil_employment
993,"Richmond County, North Carolina",37153,msa_or_county,fossil_employment
994,"Pueblo, CO MSA",08101,msa_or_county,fossil_employment
995,"Canton-Massillon, OH MSA",39019,msa_or_county,fossil_employment
996,"Canton-Massillon, OH MSA",39151,msa_or_county,fossil_employment
997,"Phillips County, Arkansas",5107,msa_or_county,fossil_employment
998,"Marion County, Texas",48315,msa_or_county,fossil_employment
999,"Wise County, Virginia",51195,msa_or_county,fossil_employment
1000,"Jackson County, West Virginia",54035,msa_or_county,fossil_employment
1001,"Lawrence County, Illinois",17101,msa_or_county,fossil_employment
1002,"Gaines County, Texas",48165,msa_or_county,fossil_employment
1003,"Greenwood County, Kansas",20073,msa_or_county,fossil_employment
1004,"Red River County, Texas",48387,msa_or_county,fossil_employment
1005,"Dickenson County, Virginia",51051,msa_or_county,fossil_employment
1006,"McIntosh County, Oklahoma",40091,msa_or_county,fossil_employment
1007,"Bottineau County, North Dakota",38009,msa_or_county,fossil_employment
1008,"Tampa-St. Petersburg-Clearwater, FL MSA",12053,msa_or_county,fossil_employment
1009,"Tampa-St. Petersburg-Clearwater, FL MSA",12057,msa_or_county,fossil_employment
1010,"Tampa-St. Petersburg-Clearwater, FL MSA",12101,msa_or_county,fossil_employment
1011,"Tampa-St. Petersburg-Clearwater, FL MSA",12103,msa_or_county,fossil_employment
1012,"Pecos County, Texas",48371,msa_or_county,fossil_employment
1013,"Kleberg County, Texas",48273,msa_or_county,fossil_employment
1014,"Clare County, Michigan",26035,msa_or_county,fossil_employment
1015,"Evansville, IN-KY MSA",18129,msa_or_county,fossil_employment
1016,"Evansville, IN-KY MSA",18163,msa_or_county,fossil_employment
1017,"Evansville, IN-KY MSA",18173,msa_or_county,fossil_employment
1018,"Evansville, IN-KY MSA",21101,msa_or_county,fossil_employment
1019,"Jones County, Mississippi",28067,msa_or_county,fossil_employment
1020,"Greeley, CO MSA",08123,msa_or_county,fossil_employment
1021,"Washington County, Ohio",39167,msa_or_county,fossil_employment
1022,"Indiana County, Pennsylvania",42063,msa_or_county,fossil_employment
1023,"Dawson County, Montana",30021,msa_or_county,fossil_employment
1024,"Navarro County, Texas",48349,msa_or_county,fossil_employment
1025,"Teton County, Idaho",16081,msa_or_county,fossil_employment
1026,"Huntington-Ashland, WV-KY-OH MSA",21019,msa_or_county,fossil_employment
1027,"Huntington-Ashland, WV-KY-OH MSA",21089,msa_or_county,fossil_employment
1028,"Huntington-Ashland, WV-KY-OH MSA",39087,msa_or_county,fossil_employment
1029,"Huntington-Ashland, WV-KY-OH MSA",54011,msa_or_county,fossil_employment
1030,"Huntington-Ashland, WV-KY-OH MSA",54043,msa_or_county,fossil_employment
1031,"Huntington-Ashland, WV-KY-OH MSA",54079,msa_or_county,fossil_employment
1032,"Huntington-Ashland, WV-KY-OH MSA",54099,msa_or_county,fossil_employment
1033,"Winn Parish, Louisiana",22127,msa_or_county,fossil_employment
1034,"Kay County, Oklahoma",40071,msa_or_county,fossil_employment
1035,"Lima, OH MSA",39003,msa_or_county,fossil_employment
1036,"Columbia County, Arkansas",5027,msa_or_county,fossil_employment
1037,"Bowling Green, KY MSA",21003,msa_or_county,fossil_employment
1038,"Bowling Green, KY MSA",21031,msa_or_county,fossil_employment
1039,"Bowling Green, KY MSA",21061,msa_or_county,fossil_employment
1040,"Bowling Green, KY MSA",21227,msa_or_county,fossil_employment
1041,"Lee County, Virginia",51105,msa_or_county,fossil_employment
1042,"Mitchell County, North Carolina",37121,msa_or_county,fossil_employment
1043,"Greene County, Pennsylvania",42059,msa_or_county,fossil_employment
1044,"Pacific County, Washington",53049,msa_or_county,fossil_employment
1045,"Sherman-Denison, TX MSA",48181,msa_or_county,fossil_employment
1046,"Perry County, Kentucky",21193,msa_or_county,fossil_employment
1047,"McKenzie County, North Dakota",38053,msa_or_county,fossil_employment
1048,"Hammond, LA MSA",22105,msa_or_county,fossil_employment
1049,"Kahului-Wailuku-Lahaina, HI MSA",15005,msa_or_county,fossil_employment
1050,"Kahului-Wailuku-Lahaina, HI MSA",15009,msa_or_county,fossil_employment
1051,"Sebring, FL MSA",12055,msa_or_county,fossil_employment
1052,"Sebastian-Vero Beach, FL MSA",12061,msa_or_county,fossil_employment
1053,"New Bern, NC MSA",37049,msa_or_county,fossil_employment
1054,"New Bern, NC MSA",37103,msa_or_county,fossil_employment
1055,"New Bern, NC MSA",37137,msa_or_county,fossil_employment
1056,"Homosassa Springs, FL MSA",12017,msa_or_county,fossil_employment
1057,"Santa Maria-Santa Barbara, CA MSA",06083,msa_or_county,fossil_employment
1058,"The Villages, FL MSA",12119,msa_or_county,fossil_employment
1059,"Lake Havasu City-Kingman, AZ MSA",04015,msa_or_county,fossil_employment
